<application>
  <component name="AppStorage">
    <histories>
      <item value="Returns the {@link ProcessDefinition} including all BPMN information like additional" />
      <item value="bubbble" />
      <item value="Returns a string describing this typ" />
      <item value="tripped" />
      <item value="二分查找" />
      <item value="二分" />
      <item value="链表是否有环" />
      <item value="current Source Class.get Metadata()" />
      <item value="reactive" />
      <item value="capitalize" />
      <item value="* Blocks until all tasks have completed execution after a shutdown * request, or the timeout occurs, or the current thread is * interrupted, whichever happens first. * * @param timeout the maximum time to wait * @param unit the time unit of the timeout argument * @return {@code true} if this executor terminated and * {@code false} if the timeout elapsed before termination * @throws InterruptedException if interrupted while waiting" />
      <item value="stagging" />
      <item value="脚手架" />
      <item value="答复批示" />
      <item value="cmp" />
      <item value="Bean instantiation via factory method failed; nested exception is org.springframework.beans.BeanInstantiationException: Failed to instantiate [com.cesec.springboot.common.configure.SqlTimeInterceptor]: Factory method 'SqlTimeInterceptor' threw exception; nested exception is java.lang.StackOverflowError" />
      <item value="Requested bean is currently in creation: Is there an unresolvable circular reference?" />
      <item value="Database" />
      <item value="methods that translate to operations" />
      <item value="unresolved Tasks" />
      <item value="scheduled" />
      <item value="* A list of tags for API documentation control. * Tags can be used for logical grouping of operations by resources or any other qualifier. * &lt;p&gt; * A non-empty value will override the value provided in {@link #value()}. * * @return a string array of tag values * @since 1.5.2-M1" />
      <item value="* Specifies a reference to the response type. The specified reference can be either local or remote and * will be used as-is, and will override any specified response() class." />
      <item value="智能报表" />
      <item value="Invoke factory processors registered as beans in the context." />
      <item value="Re-register post-processor for detecting inner beans as ApplicationListeners," />
      <item value="Finally, re-register all internal BeanPostProcessors." />
      <item value="Register bean processors that intercept bean creation." />
      <item value="Tell the subclass to refresh the internal bean factory." />
      <item value="* Retrieve the JavaBeans {@code PropertyDescriptor}s of a given class. * @param clazz the Class to retrieve the PropertyDescriptors for * @return an array of {@code PropertyDescriptors} for the given class * @throws BeansException if PropertyDescriptor look fails" />
      <item value="get Property Descriptors" />
      <item value="actual Editable" />
      <item value="the class (or interface) to restrict property setting to" />
      <item value="The category of the constructed Logger. By default, it will use the type where the annotation is placed" />
      <item value="权限" />
      <item value="down" />
      <item value="完成" />
      <item value="reject" />
      <item value="驳回" />
      <item value="STREET" />
      <item value="区" />
      <item value="省" />
      <item value="/** * Corresponds to the `produces` field of the operations under this resource. * &lt;p&gt; * Takes in comma-separated values of content types. * For example, &quot;application/json, application/xml&quot; would suggest the operations * generate JSON and XML output. * &lt;p&gt; * For JAX-RS resources, this would automatically take the value of the {@code @Produces} * annotation if such exists. It can also be used to override the {@code @Produces} values * for the Swagger documentation. * * @return the supported media types supported by the server, or an empty string if not set. */" />
      <item value="* Not used in 1.5.X, kept for legacy support. * * @return the position of this API in the resource listing, no longer used." />
      <item value="** * A list of tags for API documentation control. * Tags can be used for logical grouping of operations by resources or any other qualifier. * &lt;p&gt; * A non-empty value will override the value provided in {@link #value()}. * * @return a string array of tag values * @since 1.5.2-M1" />
      <item value="部门" />
      <item value="网格" />
      <item value="community" />
      <item value="Cannot coerce" />
      <item value="Sorts the specified array into ascending numerical order." />
    </histories>
    <option name="languageScores">
      <map>
        <entry key="CHINESE" value="204" />
        <entry key="ENGLISH" value="205" />
        <entry key="FRENCH" value="1" />
        <entry key="DUTCH" value="3" />
        <entry key="CORSICAN" value="1" />
        <entry key="LATIN" value="1" />
        <entry key="MAORI" value="1" />
        <entry key="PORTUGUESE" value="1" />
        <entry key="INDONESIAN" value="1" />
      </map>
    </option>
  </component>
</application>